schema_version,run_id,seq,event_seq,effect_seq,target,metric,unit,value_kind,value,time_ps,start_ps,end_ps,request_id,receiver,reason,sample_count
2,1afa2889-c30b-426e-9efb-1ad39ab27fa2,0,,,$all,ethernet.delivery_mean_ps,ps,number,3.6080000000000000e+6,,0,116608000,,,,1
2,1afa2889-c30b-426e-9efb-1ad39ab27fa2,1,,,$all,ethernet.dropped,count,integer,0,,0,116608000,,,queue_full,
2,1afa2889-c30b-426e-9efb-1ad39ab27fa2,2,,,$all,ethernet.filtered,count,integer,0,,0,116608000,,,,
2,1afa2889-c30b-426e-9efb-1ad39ab27fa2,3,,,$all,ethernet.filtered.destination_mismatch,count,integer,0,,0,116608000,,,,
2,1afa2889-c30b-426e-9efb-1ad39ab27fa2,4,,,$all,ethernet.filtered.ingress_frame_type,count,integer,0,,0,116608000,,,,
2,1afa2889-c30b-426e-9efb-1ad39ab27fa2,5,,,$all,ethernet.filtered.ingress_vlan_membership,count,integer,0,,0,116608000,,,,
2,1afa2889-c30b-426e-9efb-1ad39ab27fa2,6,,,$all,ethernet.filtered.known_egress_ineligible,count,integer,0,,0,116608000,,,,
2,1afa2889-c30b-426e-9efb-1ad39ab27fa2,7,,,$all,ethernet.filtered.link_down,count,integer,0,,0,116608000,,,,
2,1afa2889-c30b-426e-9efb-1ad39ab27fa2,8,,,$all,ethernet.filtered.multicast_filtered,count,integer,0,,0,116608000,,,,
2,1afa2889-c30b-426e-9efb-1ad39ab27fa2,9,,,$all,ethernet.filtered.multicast_no_egress,count,integer,0,,0,116608000,,,,
2,1afa2889-c30b-426e-9efb-1ad39ab27fa2,10,,,$all,ethernet.filtered.multicast_not_subscribed,count,integer,0,,0,116608000,,,,
2,1afa2889-c30b-426e-9efb-1ad39ab27fa2,11,,,$all,ethernet.filtered.no_vlan_egress,count,integer,0,,0,116608000,,,,
2,1afa2889-c30b-426e-9efb-1ad39ab27fa2,12,,,$all,ethernet.filtered.psfp_gate_closed,count,integer,0,,0,116608000,,,,
2,1afa2889-c30b-426e-9efb-1ad39ab27fa2,13,,,$all,ethernet.filtered.psfp_max_sdu,count,integer,0,,0,116608000,,,,
2,1afa2889-c30b-426e-9efb-1ad39ab27fa2,14,,,$all,ethernet.filtered.psfp_meter_red,count,integer,0,,0,116608000,,,,
2,1afa2889-c30b-426e-9efb-1ad39ab27fa2,15,,,$all,ethernet.filtered.psfp_meter_yellow,count,integer,0,,0,116608000,,,,
2,1afa2889-c30b-426e-9efb-1ad39ab27fa2,16,,,$all,ethernet.filtered.same_ingress,count,integer,0,,0,116608000,,,,
2,1afa2889-c30b-426e-9efb-1ad39ab27fa2,17,,,$all,ethernet.filtered.stp_discarding,count,integer,0,,0,116608000,,,,
2,1afa2889-c30b-426e-9efb-1ad39ab27fa2,18,,,$all,ethernet.filtered.unknown_multicast,count,integer,0,,0,116608000,,,,
2,1afa2889-c30b-426e-9efb-1ad39ab27fa2,19,,,$all,ethernet.filtered.visit_limit,count,integer,0,,0,116608000,,,,
2,1afa2889-c30b-426e-9efb-1ad39ab27fa2,20,,,$all,ethernet.filtered.vlan_unregistered,count,integer,0,,0,116608000,,,,
2,1afa2889-c30b-426e-9efb-1ad39ab27fa2,21,,,$all,ethernet.forwarded,count,integer,0,,0,116608000,,,,
2,1afa2889-c30b-426e-9efb-1ad39ab27fa2,22,,,$all,ethernet.generated,count,integer,1,,0,116608000,,,,
2,1afa2889-c30b-426e-9efb-1ad39ab27fa2,23,,,$all,ethernet.processing,count,integer,0,,0,116608000,,,,
2,1afa2889-c30b-426e-9efb-1ad39ab27fa2,24,,,$all,ethernet.queued,count,integer,0,,0,116608000,,,,
2,1afa2889-c30b-426e-9efb-1ad39ab27fa2,25,,,$all,ethernet.received,count,integer,1,,0,116608000,,,,
2,1afa2889-c30b-426e-9efb-1ad39ab27fa2,26,,,$all,ethernet.serialized,count,integer,1,,0,116608000,,,,
2,1afa2889-c30b-426e-9efb-1ad39ab27fa2,27,,,$all,ethernet.transfer_offered,count,integer,1,,0,116608000,,,,
2,1afa2889-c30b-426e-9efb-1ad39ab27fa2,28,,,$all,ethernet.transmitting,count,integer,0,,0,116608000,,,,
2,1afa2889-c30b-426e-9efb-1ad39ab27fa2,29,,,$can,admitted,count,integer,2,,0,116608000,,,,
2,1afa2889-c30b-426e-9efb-1ad39ab27fa2,30,,,$can,arbitration_wait_mean_ps,ps,number,,,0,116608000,,,,0
2,1afa2889-c30b-426e-9efb-1ad39ab27fa2,31,,,$can,attempts,count,integer,2,,0,116608000,,,,
2,1afa2889-c30b-426e-9efb-1ad39ab27fa2,32,,,$can,delivery_mean_ps,ps,number,,,0,116608000,,,,0
2,1afa2889-c30b-426e-9efb-1ad39ab27fa2,33,,,$can,dropped,count,integer,0,,0,116608000,,,queue_full,
2,1afa2889-c30b-426e-9efb-1ad39ab27fa2,34,,,$can,failed,count,integer,0,,0,116608000,,,,
2,1afa2889-c30b-426e-9efb-1ad39ab27fa2,35,,,$can,filtered,count,integer,0,,0,116608000,,,,
2,1afa2889-c30b-426e-9efb-1ad39ab27fa2,36,,,$can,generated,count,integer,2,,0,116608000,,,,
2,1afa2889-c30b-426e-9efb-1ad39ab27fa2,37,,,$can,in_flight,count,integer,1,,0,116608000,,,,
2,1afa2889-c30b-426e-9efb-1ad39ab27fa2,38,,,$can,pending,count,integer,0,,0,116608000,,,,
2,1afa2889-c30b-426e-9efb-1ad39ab27fa2,39,,,$can,processing,count,integer,0,,0,116608000,,,,
2,1afa2889-c30b-426e-9efb-1ad39ab27fa2,40,,,$can,received,count,integer,1,,0,116608000,,,,
2,1afa2889-c30b-426e-9efb-1ad39ab27fa2,41,,,$can,receiver_opportunities,count,integer,1,,0,116608000,,,,
2,1afa2889-c30b-426e-9efb-1ad39ab27fa2,42,,,$can,retries,count,integer,0,,0,116608000,,,,
2,1afa2889-c30b-426e-9efb-1ad39ab27fa2,43,,,$can,rx_pending,count,integer,0,,0,116608000,,,,
2,1afa2889-c30b-426e-9efb-1ad39ab27fa2,44,,,$can,success,count,integer,1,,0,116608000,,,,
2,1afa2889-c30b-426e-9efb-1ad39ab27fa2,45,,,$can,transfer_mean_ps,ps,number,,,0,116608000,,,,0
2,1afa2889-c30b-426e-9efb-1ad39ab27fa2,46,,,$can,tx_wait_mean_ps,ps,number,,,0,116608000,,,,0
2,1afa2889-c30b-426e-9efb-1ad39ab27fa2,47,,,$can,unfinished,count,integer,1,,0,116608000,,,,
2,1afa2889-c30b-426e-9efb-1ad39ab27fa2,48,,,$can,waiting_tx,count,integer,0,,0,116608000,,,,
2,1afa2889-c30b-426e-9efb-1ad39ab27fa2,49,,,@flow:reverse,ethernet.flow.copy_dropped,count,integer,0,,0,116608000,,,,
2,1afa2889-c30b-426e-9efb-1ad39ab27fa2,50,,,@flow:reverse,ethernet.flow.deadline_miss_ratio,1,number,,,0,116608000,,,,0
2,1afa2889-c30b-426e-9efb-1ad39ab27fa2,51,,,@flow:reverse,ethernet.flow.deadline_missed,count,integer,0,,0,116608000,,,,
2,1afa2889-c30b-426e-9efb-1ad39ab27fa2,52,,,@flow:reverse,ethernet.flow.deadline_sample_count,count,integer,0,,0,116608000,,,,
2,1afa2889-c30b-426e-9efb-1ad39ab27fa2,53,,,@flow:reverse,ethernet.flow.delivery_jitter_ps,ps,integer,0,,0,116608000,,,,1
2,1afa2889-c30b-426e-9efb-1ad39ab27fa2,54,,,@flow:reverse,ethernet.flow.delivery_max_ps,ps,integer,3608000,,0,116608000,,,,1
2,1afa2889-c30b-426e-9efb-1ad39ab27fa2,55,,,@flow:reverse,ethernet.flow.delivery_mean_ps,ps,number,3.6080000000000000e+6,,0,116608000,,,,1
2,1afa2889-c30b-426e-9efb-1ad39ab27fa2,56,,,@flow:reverse,ethernet.flow.delivery_p50_ps,ps,integer,3608000,,0,116608000,,,,1
2,1afa2889-c30b-426e-9efb-1ad39ab27fa2,57,,,@flow:reverse,ethernet.flow.delivery_p95_ps,ps,integer,3608000,,0,116608000,,,,1
2,1afa2889-c30b-426e-9efb-1ad39ab27fa2,58,,,@flow:reverse,ethernet.flow.delivery_p99_ps,ps,integer,3608000,,0,116608000,,,,1
2,1afa2889-c30b-426e-9efb-1ad39ab27fa2,59,,,@flow:reverse,ethernet.flow.filtered,count,integer,0,,0,116608000,,,,
2,1afa2889-c30b-426e-9efb-1ad39ab27fa2,60,,,@flow:reverse,ethernet.flow.generated,count,integer,1,,0,116608000,,,,
2,1afa2889-c30b-426e-9efb-1ad39ab27fa2,61,,,@flow:reverse,ethernet.flow.processing,count,integer,0,,0,116608000,,,,
2,1afa2889-c30b-426e-9efb-1ad39ab27fa2,62,,,@flow:reverse,ethernet.flow.processing_mean_ps,ps,number,2.0000000000000000e+6,,0,116608000,,,,1
2,1afa2889-c30b-426e-9efb-1ad39ab27fa2,63,,,@flow:reverse,ethernet.flow.propagation_mean_ps,ps,number,1.0000000000000000e+6,,0,116608000,,,,1
2,1afa2889-c30b-426e-9efb-1ad39ab27fa2,64,,,@flow:reverse,ethernet.flow.queue_wait_mean_ps,ps,number,0.0000000000000000e+0,,0,116608000,,,,1
2,1afa2889-c30b-426e-9efb-1ad39ab27fa2,65,,,@flow:reverse,ethernet.flow.received,count,integer,1,,0,116608000,,,,
2,1afa2889-c30b-426e-9efb-1ad39ab27fa2,66,,,@flow:reverse,ethernet.flow.serialization_mean_ps,ps,number,6.0800000000000000e+5,,0,116608000,,,,1
2,1afa2889-c30b-426e-9efb-1ad39ab27fa2,67,,,@flow:reverse,ethernet.flow.source_processing,count,integer,0,,0,116608000,,,,
2,1afa2889-c30b-426e-9efb-1ad39ab27fa2,68,,,@flow:reverse,ethernet.flow.unfinished_copies,count,integer,0,,0,116608000,,,,
2,1afa2889-c30b-426e-9efb-1ad39ab27fa2,69,,,@flow:reverse:Fanout.gw.eth,ethernet.flow.deadline_miss_ratio,1,number,,,0,116608000,,,,0
2,1afa2889-c30b-426e-9efb-1ad39ab27fa2,70,,,@flow:reverse:Fanout.gw.eth,ethernet.flow.deadline_missed,count,integer,0,,0,116608000,,,,
2,1afa2889-c30b-426e-9efb-1ad39ab27fa2,71,,,@flow:reverse:Fanout.gw.eth,ethernet.flow.deadline_sample_count,count,integer,0,,0,116608000,,,,
2,1afa2889-c30b-426e-9efb-1ad39ab27fa2,72,,,@flow:reverse:Fanout.gw.eth,ethernet.flow.delivery_jitter_ps,ps,integer,0,,0,116608000,,,,1
2,1afa2889-c30b-426e-9efb-1ad39ab27fa2,73,,,@flow:reverse:Fanout.gw.eth,ethernet.flow.delivery_max_ps,ps,integer,3608000,,0,116608000,,,,1
2,1afa2889-c30b-426e-9efb-1ad39ab27fa2,74,,,@flow:reverse:Fanout.gw.eth,ethernet.flow.delivery_mean_ps,ps,number,3.6080000000000000e+6,,0,116608000,,,,1
2,1afa2889-c30b-426e-9efb-1ad39ab27fa2,75,,,@flow:reverse:Fanout.gw.eth,ethernet.flow.delivery_p50_ps,ps,integer,3608000,,0,116608000,,,,1
2,1afa2889-c30b-426e-9efb-1ad39ab27fa2,76,,,@flow:reverse:Fanout.gw.eth,ethernet.flow.delivery_p95_ps,ps,integer,3608000,,0,116608000,,,,1
2,1afa2889-c30b-426e-9efb-1ad39ab27fa2,77,,,@flow:reverse:Fanout.gw.eth,ethernet.flow.delivery_p99_ps,ps,integer,3608000,,0,116608000,,,,1
2,1afa2889-c30b-426e-9efb-1ad39ab27fa2,78,,,@flow:reverse:Fanout.gw.eth,ethernet.flow.filtered,count,integer,0,,0,116608000,,,,
2,1afa2889-c30b-426e-9efb-1ad39ab27fa2,79,,,@flow:reverse:Fanout.gw.eth,ethernet.flow.processing,count,integer,0,,0,116608000,,,,
2,1afa2889-c30b-426e-9efb-1ad39ab27fa2,80,,,@flow:reverse:Fanout.gw.eth,ethernet.flow.processing_mean_ps,ps,number,2.0000000000000000e+6,,0,116608000,,,,1
2,1afa2889-c30b-426e-9efb-1ad39ab27fa2,81,,,@flow:reverse:Fanout.gw.eth,ethernet.flow.propagation_mean_ps,ps,number,1.0000000000000000e+6,,0,116608000,,,,1
2,1afa2889-c30b-426e-9efb-1ad39ab27fa2,82,,,@flow:reverse:Fanout.gw.eth,ethernet.flow.queue_wait_mean_ps,ps,number,0.0000000000000000e+0,,0,116608000,,,,1
2,1afa2889-c30b-426e-9efb-1ad39ab27fa2,83,,,@flow:reverse:Fanout.gw.eth,ethernet.flow.received,count,integer,1,,0,116608000,,,,
2,1afa2889-c30b-426e-9efb-1ad39ab27fa2,84,,,@flow:reverse:Fanout.gw.eth,ethernet.flow.serialization_mean_ps,ps,number,6.0800000000000000e+5,,0,116608000,,,,1
2,1afa2889-c30b-426e-9efb-1ad39ab27fa2,85,,,@flow:reverse:Fanout.sink,ethernet.flow.deadline_miss_ratio,1,number,,,0,116608000,,,,0
2,1afa2889-c30b-426e-9efb-1ad39ab27fa2,86,,,@flow:reverse:Fanout.sink,ethernet.flow.deadline_missed,count,integer,0,,0,116608000,,,,
2,1afa2889-c30b-426e-9efb-1ad39ab27fa2,87,,,@flow:reverse:Fanout.sink,ethernet.flow.deadline_sample_count,count,integer,0,,0,116608000,,,,
2,1afa2889-c30b-426e-9efb-1ad39ab27fa2,88,,,@flow:reverse:Fanout.sink,ethernet.flow.delivery_jitter_ps,ps,integer,,,0,116608000,,,,0
2,1afa2889-c30b-426e-9efb-1ad39ab27fa2,89,,,@flow:reverse:Fanout.sink,ethernet.flow.delivery_max_ps,ps,integer,,,0,116608000,,,,0
2,1afa2889-c30b-426e-9efb-1ad39ab27fa2,90,,,@flow:reverse:Fanout.sink,ethernet.flow.delivery_mean_ps,ps,number,,,0,116608000,,,,0
2,1afa2889-c30b-426e-9efb-1ad39ab27fa2,91,,,@flow:reverse:Fanout.sink,ethernet.flow.delivery_p50_ps,ps,integer,,,0,116608000,,,,0
2,1afa2889-c30b-426e-9efb-1ad39ab27fa2,92,,,@flow:reverse:Fanout.sink,ethernet.flow.delivery_p95_ps,ps,integer,,,0,116608000,,,,0
2,1afa2889-c30b-426e-9efb-1ad39ab27fa2,93,,,@flow:reverse:Fanout.sink,ethernet.flow.delivery_p99_ps,ps,integer,,,0,116608000,,,,0
2,1afa2889-c30b-426e-9efb-1ad39ab27fa2,94,,,@flow:reverse:Fanout.sink,ethernet.flow.filtered,count,integer,0,,0,116608000,,,,
2,1afa2889-c30b-426e-9efb-1ad39ab27fa2,95,,,@flow:reverse:Fanout.sink,ethernet.flow.processing,count,integer,0,,0,116608000,,,,
2,1afa2889-c30b-426e-9efb-1ad39ab27fa2,96,,,@flow:reverse:Fanout.sink,ethernet.flow.processing_mean_ps,ps,number,,,0,116608000,,,,0
2,1afa2889-c30b-426e-9efb-1ad39ab27fa2,97,,,@flow:reverse:Fanout.sink,ethernet.flow.propagation_mean_ps,ps,number,,,0,116608000,,,,0
2,1afa2889-c30b-426e-9efb-1ad39ab27fa2,98,,,@flow:reverse:Fanout.sink,ethernet.flow.queue_wait_mean_ps,ps,number,,,0,116608000,,,,0
2,1afa2889-c30b-426e-9efb-1ad39ab27fa2,99,,,@flow:reverse:Fanout.sink,ethernet.flow.received,count,integer,0,,0,116608000,,,,
2,1afa2889-c30b-426e-9efb-1ad39ab27fa2,100,,,@flow:reverse:Fanout.sink,ethernet.flow.serialization_mean_ps,ps,number,,,0,116608000,,,,0
2,1afa2889-c30b-426e-9efb-1ad39ab27fa2,101,,,@network,gateway.end_to_end.completed,count,integer,1,,0,116608000,,,,
2,1afa2889-c30b-426e-9efb-1ad39ab27fa2,102,,,@network,gateway.end_to_end.completion_ratio,1,number,5.0000000000000000e-1,,0,116608000,,,,
2,1afa2889-c30b-426e-9efb-1ad39ab27fa2,103,,,@network,gateway.end_to_end.target_count,count,integer,2,,0,116608000,,,,
2,1afa2889-c30b-426e-9efb-1ad39ab27fa2,104,,,Fanout.bus_a,admitted,count,integer,1,,0,116608000,,,,
2,1afa2889-c30b-426e-9efb-1ad39ab27fa2,105,,,Fanout.bus_a,arbitration_wait_mean_ps,ps,number,,,0,116608000,,,,0
2,1afa2889-c30b-426e-9efb-1ad39ab27fa2,106,,,Fanout.bus_a,attempts,count,integer,1,,0,116608000,,,,
2,1afa2889-c30b-426e-9efb-1ad39ab27fa2,107,,,Fanout.bus_a,bus_utilization,1,number,9.0902854006586165e-1,,0,116608000,,,,
2,1afa2889-c30b-426e-9efb-1ad39ab27fa2,108,,,Fanout.bus_a,delivery_mean_ps,ps,number,,,0,116608000,,,,0
2,1afa2889-c30b-426e-9efb-1ad39ab27fa2,109,,,Fanout.bus_a,dropped,count,integer,0,,0,116608000,,,queue_full,
2,1afa2889-c30b-426e-9efb-1ad39ab27fa2,110,,,Fanout.bus_a,failed,count,integer,0,,0,116608000,,,,
2,1afa2889-c30b-426e-9efb-1ad39ab27fa2,111,,,Fanout.bus_a,filtered,count,integer,0,,0,116608000,,,,
2,1afa2889-c30b-426e-9efb-1ad39ab27fa2,112,,,Fanout.bus_a,frame_utilization,1,number,8.5757409440175636e-1,,0,116608000,,,,
2,1afa2889-c30b-426e-9efb-1ad39ab27fa2,113,,,Fanout.bus_a,generated,count,integer,1,,0,116608000,,,,
2,1afa2889-c30b-426e-9efb-1ad39ab27fa2,114,,,Fanout.bus_a,in_flight,count,integer,0,,0,116608000,,,,
2,1afa2889-c30b-426e-9efb-1ad39ab27fa2,115,,,Fanout.bus_a,occupied_bits,bit,integer,0,,0,116608000,,,,
2,1afa2889-c30b-426e-9efb-1ad39ab27fa2,116,,,Fanout.bus_a,payload_bits,bit,integer,0,,0,116608000,,,,
2,1afa2889-c30b-426e-9efb-1ad39ab27fa2,117,,,Fanout.bus_a,payload_throughput_bps,bit/s,number,0.0000000000000000e+0,,0,116608000,,,,
2,1afa2889-c30b-426e-9efb-1ad39ab27fa2,118,,,Fanout.bus_a,pending,count,integer,0,,0,116608000,,,,
2,1afa2889-c30b-426e-9efb-1ad39ab27fa2,119,,,Fanout.bus_a,processing,count,integer,0,,0,116608000,,,,
2,1afa2889-c30b-426e-9efb-1ad39ab27fa2,120,,,Fanout.bus_a,received,count,integer,1,,0,116608000,,,,
2,1afa2889-c30b-426e-9efb-1ad39ab27fa2,121,,,Fanout.bus_a,receiver_opportunities,count,integer,1,,0,116608000,,,,
2,1afa2889-c30b-426e-9efb-1ad39ab27fa2,122,,,Fanout.bus_a,retries,count,integer,0,,0,116608000,,,,
2,1afa2889-c30b-426e-9efb-1ad39ab27fa2,123,,,Fanout.bus_a,rx_pending,count,integer,0,,0,116608000,,,,
2,1afa2889-c30b-426e-9efb-1ad39ab27fa2,124,,,Fanout.bus_a,serialized_bits,bit,integer,50,,0,116608000,,,,
2,1afa2889-c30b-426e-9efb-1ad39ab27fa2,125,,,Fanout.bus_a,serialized_throughput_bps,bit/s,number,4.2878704720087815e+5,,0,116608000,,,,
2,1afa2889-c30b-426e-9efb-1ad39ab27fa2,126,,,Fanout.bus_a,success,count,integer,1,,0,116608000,,,,
2,1afa2889-c30b-426e-9efb-1ad39ab27fa2,127,,,Fanout.bus_a,transfer_mean_ps,ps,number,,,0,116608000,,,,0
2,1afa2889-c30b-426e-9efb-1ad39ab27fa2,128,,,Fanout.bus_a,tx_wait_mean_ps,ps,number,,,0,116608000,,,,0
2,1afa2889-c30b-426e-9efb-1ad39ab27fa2,129,,,Fanout.bus_a,unfinished,count,integer,0,,0,116608000,,,,
2,1afa2889-c30b-426e-9efb-1ad39ab27fa2,130,,,Fanout.bus_a,waiting_tx,count,integer,0,,0,116608000,,,,
2,1afa2889-c30b-426e-9efb-1ad39ab27fa2,131,,,Fanout.bus_b,admitted,count,integer,1,,0,116608000,,,,
2,1afa2889-c30b-426e-9efb-1ad39ab27fa2,132,,,Fanout.bus_b,arbitration_wait_mean_ps,ps,number,,,0,116608000,,,,0
2,1afa2889-c30b-426e-9efb-1ad39ab27fa2,133,,,Fanout.bus_b,attempts,count,integer,1,,0,116608000,,,,
2,1afa2889-c30b-426e-9efb-1ad39ab27fa2,134,,,Fanout.bus_b,bus_utilization,1,number,9.0902854006586165e-1,,0,116608000,,,,
2,1afa2889-c30b-426e-9efb-1ad39ab27fa2,135,,,Fanout.bus_b,delivery_mean_ps,ps,number,,,0,116608000,,,,0
2,1afa2889-c30b-426e-9efb-1ad39ab27fa2,136,,,Fanout.bus_b,dropped,count,integer,0,,0,116608000,,,queue_full,
2,1afa2889-c30b-426e-9efb-1ad39ab27fa2,137,,,Fanout.bus_b,failed,count,integer,0,,0,116608000,,,,
2,1afa2889-c30b-426e-9efb-1ad39ab27fa2,138,,,Fanout.bus_b,filtered,count,integer,0,,0,116608000,,,,
2,1afa2889-c30b-426e-9efb-1ad39ab27fa2,139,,,Fanout.bus_b,frame_utilization,1,number,9.0902854006586165e-1,,0,116608000,,,,
2,1afa2889-c30b-426e-9efb-1ad39ab27fa2,140,,,Fanout.bus_b,generated,count,integer,1,,0,116608000,,,,
2,1afa2889-c30b-426e-9efb-1ad39ab27fa2,141,,,Fanout.bus_b,in_flight,count,integer,1,,0,116608000,,,,
2,1afa2889-c30b-426e-9efb-1ad39ab27fa2,142,,,Fanout.bus_b,occupied_bits,bit,integer,0,,0,116608000,,,,
2,1afa2889-c30b-426e-9efb-1ad39ab27fa2,143,,,Fanout.bus_b,payload_bits,bit,integer,0,,0,116608000,,,,
2,1afa2889-c30b-426e-9efb-1ad39ab27fa2,144,,,Fanout.bus_b,payload_throughput_bps,bit/s,number,0.0000000000000000e+0,,0,116608000,,,,
2,1afa2889-c30b-426e-9efb-1ad39ab27fa2,145,,,Fanout.bus_b,pending,count,integer,0,,0,116608000,,,,
2,1afa2889-c30b-426e-9efb-1ad39ab27fa2,146,,,Fanout.bus_b,processing,count,integer,0,,0,116608000,,,,
2,1afa2889-c30b-426e-9efb-1ad39ab27fa2,147,,,Fanout.bus_b,received,count,integer,0,,0,116608000,,,,
2,1afa2889-c30b-426e-9efb-1ad39ab27fa2,148,,,Fanout.bus_b,receiver_opportunities,count,integer,0,,0,116608000,,,,
2,1afa2889-c30b-426e-9efb-1ad39ab27fa2,149,,,Fanout.bus_b,retries,count,integer,0,,0,116608000,,,,
2,1afa2889-c30b-426e-9efb-1ad39ab27fa2,150,,,Fanout.bus_b,rx_pending,count,integer,0,,0,116608000,,,,
2,1afa2889-c30b-426e-9efb-1ad39ab27fa2,151,,,Fanout.bus_b,serialized_bits,bit,integer,0,,0,116608000,,,,
2,1afa2889-c30b-426e-9efb-1ad39ab27fa2,152,,,Fanout.bus_b,serialized_throughput_bps,bit/s,number,0.0000000000000000e+0,,0,116608000,,,,
2,1afa2889-c30b-426e-9efb-1ad39ab27fa2,153,,,Fanout.bus_b,success,count,integer,0,,0,116608000,,,,
2,1afa2889-c30b-426e-9efb-1ad39ab27fa2,154,,,Fanout.bus_b,transfer_mean_ps,ps,number,,,0,116608000,,,,0
2,1afa2889-c30b-426e-9efb-1ad39ab27fa2,155,,,Fanout.bus_b,tx_wait_mean_ps,ps,number,,,0,116608000,,,,0
2,1afa2889-c30b-426e-9efb-1ad39ab27fa2,156,,,Fanout.bus_b,unfinished,count,integer,1,,0,116608000,,,,
2,1afa2889-c30b-426e-9efb-1ad39ab27fa2,157,,,Fanout.bus_b,waiting_tx,count,integer,0,,0,116608000,,,,
2,1afa2889-c30b-426e-9efb-1ad39ab27fa2,158,,,Fanout.gw,gateway.branch.admitted,count,integer,2,,0,116608000,,,,
2,1afa2889-c30b-426e-9efb-1ad39ab27fa2,159,,,Fanout.gw,gateway.branch.dropped,count,integer,0,,0,116608000,,,,
2,1afa2889-c30b-426e-9efb-1ad39ab27fa2,160,,,Fanout.gw,gateway.branch.waiting,count,integer,0,,0,116608000,,,,
2,1afa2889-c30b-426e-9efb-1ad39ab27fa2,161,,,Fanout.gw,gateway.conversion.accepted,count,integer,1,,0,116608000,,,,
2,1afa2889-c30b-426e-9efb-1ad39ab27fa2,162,,,Fanout.gw,gateway.conversion.attempted,count,integer,1,,0,116608000,,,,
2,1afa2889-c30b-426e-9efb-1ad39ab27fa2,163,,,Fanout.gw,gateway.conversion.rejected,count,integer,0,,0,116608000,,,,
2,1afa2889-c30b-426e-9efb-1ad39ab27fa2,164,,,Fanout.gw,gateway.rx.max,count,integer,1,,0,116608000,,,,
2,1afa2889-c30b-426e-9efb-1ad39ab27fa2,165,,,Fanout.gw,gateway.rx.occupancy,count,integer,0,,0,116608000,,,,
2,1afa2889-c30b-426e-9efb-1ad39ab27fa2,166,,,Fanout.gw.can_a,admitted,count,integer,1,,0,116608000,,,,
2,1afa2889-c30b-426e-9efb-1ad39ab27fa2,167,,,Fanout.gw.can_a,arbitration_wait_mean_ps,ps,number,,,0,116608000,,,,0
2,1afa2889-c30b-426e-9efb-1ad39ab27fa2,168,,,Fanout.gw.can_a,attempts,count,integer,1,,0,116608000,,,,
2,1afa2889-c30b-426e-9efb-1ad39ab27fa2,169,,,Fanout.gw.can_a,delivery_mean_ps,ps,number,,,0,116608000,,Fanout.gw.can_a,,0
2,1afa2889-c30b-426e-9efb-1ad39ab27fa2,170,,,Fanout.gw.can_a,dropped,count,integer,0,,0,116608000,,,queue_full,
2,1afa2889-c30b-426e-9efb-1ad39ab27fa2,171,,,Fanout.gw.can_a,failed,count,integer,0,,0,116608000,,,,
2,1afa2889-c30b-426e-9efb-1ad39ab27fa2,172,,,Fanout.gw.can_a,filtered,count,integer,0,,0,116608000,,Fanout.gw.can_a,,
2,1afa2889-c30b-426e-9efb-1ad39ab27fa2,173,,,Fanout.gw.can_a,generated,count,integer,1,,0,116608000,,,,
2,1afa2889-c30b-426e-9efb-1ad39ab27fa2,174,,,Fanout.gw.can_a,in_flight,count,integer,0,,0,116608000,,,,
2,1afa2889-c30b-426e-9efb-1ad39ab27fa2,175,,,Fanout.gw.can_a,pending,count,integer,0,,0,116608000,,,,
2,1afa2889-c30b-426e-9efb-1ad39ab27fa2,176,,,Fanout.gw.can_a,processing,count,integer,0,,0,116608000,,,,
2,1afa2889-c30b-426e-9efb-1ad39ab27fa2,177,,,Fanout.gw.can_a,received,count,integer,0,,0,116608000,,Fanout.gw.can_a,,
2,1afa2889-c30b-426e-9efb-1ad39ab27fa2,178,,,Fanout.gw.can_a,received_payload_bits,bit,integer,0,,0,116608000,,Fanout.gw.can_a,,
2,1afa2889-c30b-426e-9efb-1ad39ab27fa2,179,,,Fanout.gw.can_a,received_throughput_bps,bit/s,number,0.0000000000000000e+0,,0,116608000,,Fanout.gw.can_a,,
2,1afa2889-c30b-426e-9efb-1ad39ab27fa2,180,,,Fanout.gw.can_a,receiver_opportunities,count,integer,0,,0,116608000,,Fanout.gw.can_a,,
2,1afa2889-c30b-426e-9efb-1ad39ab27fa2,181,,,Fanout.gw.can_a,retries,count,integer,0,,0,116608000,,,,
2,1afa2889-c30b-426e-9efb-1ad39ab27fa2,182,,,Fanout.gw.can_a,rx_pending,count,integer,0,,0,116608000,,Fanout.gw.can_a,,
2,1afa2889-c30b-426e-9efb-1ad39ab27fa2,183,,,Fanout.gw.can_a,success,count,integer,1,,0,116608000,,,,
2,1afa2889-c30b-426e-9efb-1ad39ab27fa2,184,,,Fanout.gw.can_a,tx_wait_mean_ps,ps,number,,,0,116608000,,,,0
2,1afa2889-c30b-426e-9efb-1ad39ab27fa2,185,,,Fanout.gw.can_a,unfinished,count,integer,0,,0,116608000,,,,
2,1afa2889-c30b-426e-9efb-1ad39ab27fa2,186,,,Fanout.gw.can_a,waiting_tx,count,integer,0,,0,116608000,,,,
2,1afa2889-c30b-426e-9efb-1ad39ab27fa2,187,,,Fanout.gw.can_a.txQueue,buffer_utilization_mean,1,number,0.0000000000000000e+0,,0,116608000,,,,
2,1afa2889-c30b-426e-9efb-1ad39ab27fa2,188,,,Fanout.gw.can_a.txQueue,dropped,count,integer,0,,0,116608000,,,queue_full,
2,1afa2889-c30b-426e-9efb-1ad39ab27fa2,189,,,Fanout.gw.can_a.txQueue,queue_max,count,integer,1,,0,116608000,,,,
2,1afa2889-c30b-426e-9efb-1ad39ab27fa2,190,,,Fanout.gw.can_a.txQueue,queue_mean,count,number,0.0000000000000000e+0,,0,116608000,,,,
2,1afa2889-c30b-426e-9efb-1ad39ab27fa2,191,,,Fanout.gw.can_b,admitted,count,integer,1,,0,116608000,,,,
2,1afa2889-c30b-426e-9efb-1ad39ab27fa2,192,,,Fanout.gw.can_b,arbitration_wait_mean_ps,ps,number,,,0,116608000,,,,0
2,1afa2889-c30b-426e-9efb-1ad39ab27fa2,193,,,Fanout.gw.can_b,attempts,count,integer,1,,0,116608000,,,,
2,1afa2889-c30b-426e-9efb-1ad39ab27fa2,194,,,Fanout.gw.can_b,delivery_mean_ps,ps,number,,,0,116608000,,Fanout.gw.can_b,,0
2,1afa2889-c30b-426e-9efb-1ad39ab27fa2,195,,,Fanout.gw.can_b,dropped,count,integer,0,,0,116608000,,,queue_full,
2,1afa2889-c30b-426e-9efb-1ad39ab27fa2,196,,,Fanout.gw.can_b,failed,count,integer,0,,0,116608000,,,,
2,1afa2889-c30b-426e-9efb-1ad39ab27fa2,197,,,Fanout.gw.can_b,filtered,count,integer,0,,0,116608000,,Fanout.gw.can_b,,
2,1afa2889-c30b-426e-9efb-1ad39ab27fa2,198,,,Fanout.gw.can_b,generated,count,integer,1,,0,116608000,,,,
2,1afa2889-c30b-426e-9efb-1ad39ab27fa2,199,,,Fanout.gw.can_b,in_flight,count,integer,1,,0,116608000,,,,
2,1afa2889-c30b-426e-9efb-1ad39ab27fa2,200,,,Fanout.gw.can_b,pending,count,integer,0,,0,116608000,,,,
2,1afa2889-c30b-426e-9efb-1ad39ab27fa2,201,,,Fanout.gw.can_b,processing,count,integer,0,,0,116608000,,,,
2,1afa2889-c30b-426e-9efb-1ad39ab27fa2,202,,,Fanout.gw.can_b,received,count,integer,0,,0,116608000,,Fanout.gw.can_b,,
2,1afa2889-c30b-426e-9efb-1ad39ab27fa2,203,,,Fanout.gw.can_b,received_payload_bits,bit,integer,0,,0,116608000,,Fanout.gw.can_b,,
2,1afa2889-c30b-426e-9efb-1ad39ab27fa2,204,,,Fanout.gw.can_b,received_throughput_bps,bit/s,number,0.0000000000000000e+0,,0,116608000,,Fanout.gw.can_b,,
2,1afa2889-c30b-426e-9efb-1ad39ab27fa2,205,,,Fanout.gw.can_b,receiver_opportunities,count,integer,0,,0,116608000,,Fanout.gw.can_b,,
2,1afa2889-c30b-426e-9efb-1ad39ab27fa2,206,,,Fanout.gw.can_b,retries,count,integer,0,,0,116608000,,,,
2,1afa2889-c30b-426e-9efb-1ad39ab27fa2,207,,,Fanout.gw.can_b,rx_pending,count,integer,0,,0,116608000,,Fanout.gw.can_b,,
2,1afa2889-c30b-426e-9efb-1ad39ab27fa2,208,,,Fanout.gw.can_b,success,count,integer,0,,0,116608000,,,,
2,1afa2889-c30b-426e-9efb-1ad39ab27fa2,209,,,Fanout.gw.can_b,tx_wait_mean_ps,ps,number,,,0,116608000,,,,0
2,1afa2889-c30b-426e-9efb-1ad39ab27fa2,210,,,Fanout.gw.can_b,unfinished,count,integer,1,,0,116608000,,,,
2,1afa2889-c30b-426e-9efb-1ad39ab27fa2,211,,,Fanout.gw.can_b,waiting_tx,count,integer,0,,0,116608000,,,,
2,1afa2889-c30b-426e-9efb-1ad39ab27fa2,212,,,Fanout.gw.can_b.txQueue,buffer_utilization_mean,1,number,0.0000000000000000e+0,,0,116608000,,,,
2,1afa2889-c30b-426e-9efb-1ad39ab27fa2,213,,,Fanout.gw.can_b.txQueue,dropped,count,integer,0,,0,116608000,,,queue_full,
2,1afa2889-c30b-426e-9efb-1ad39ab27fa2,214,,,Fanout.gw.can_b.txQueue,queue_max,count,integer,1,,0,116608000,,,,
2,1afa2889-c30b-426e-9efb-1ad39ab27fa2,215,,,Fanout.gw.can_b.txQueue,queue_mean,count,number,0.0000000000000000e+0,,0,116608000,,,,
2,1afa2889-c30b-426e-9efb-1ad39ab27fa2,216,,,Fanout.gw.eth,ethernet.delivery_mean_ps,ps,number,3.6080000000000000e+6,,0,116608000,,,,1
2,1afa2889-c30b-426e-9efb-1ad39ab27fa2,217,,,Fanout.gw.eth,ethernet.filtered,count,integer,0,,0,116608000,,,,
2,1afa2889-c30b-426e-9efb-1ad39ab27fa2,218,,,Fanout.gw.eth,ethernet.filtered.destination_mismatch,count,integer,0,,0,116608000,,,,
2,1afa2889-c30b-426e-9efb-1ad39ab27fa2,219,,,Fanout.gw.eth,ethernet.filtered.ingress_frame_type,count,integer,0,,0,116608000,,,,
2,1afa2889-c30b-426e-9efb-1ad39ab27fa2,220,,,Fanout.gw.eth,ethernet.filtered.ingress_vlan_membership,count,integer,0,,0,116608000,,,,
2,1afa2889-c30b-426e-9efb-1ad39ab27fa2,221,,,Fanout.gw.eth,ethernet.filtered.known_egress_ineligible,count,integer,0,,0,116608000,,,,
2,1afa2889-c30b-426e-9efb-1ad39ab27fa2,222,,,Fanout.gw.eth,ethernet.filtered.link_down,count,integer,0,,0,116608000,,,,
2,1afa2889-c30b-426e-9efb-1ad39ab27fa2,223,,,Fanout.gw.eth,ethernet.filtered.multicast_filtered,count,integer,0,,0,116608000,,,,
2,1afa2889-c30b-426e-9efb-1ad39ab27fa2,224,,,Fanout.gw.eth,ethernet.filtered.multicast_no_egress,count,integer,0,,0,116608000,,,,
2,1afa2889-c30b-426e-9efb-1ad39ab27fa2,225,,,Fanout.gw.eth,ethernet.filtered.multicast_not_subscribed,count,integer,0,,0,116608000,,,,
2,1afa2889-c30b-426e-9efb-1ad39ab27fa2,226,,,Fanout.gw.eth,ethernet.filtered.no_vlan_egress,count,integer,0,,0,116608000,,,,
2,1afa2889-c30b-426e-9efb-1ad39ab27fa2,227,,,Fanout.gw.eth,ethernet.filtered.psfp_gate_closed,count,integer,0,,0,116608000,,,,
2,1afa2889-c30b-426e-9efb-1ad39ab27fa2,228,,,Fanout.gw.eth,ethernet.filtered.psfp_max_sdu,count,integer,0,,0,116608000,,,,
2,1afa2889-c30b-426e-9efb-1ad39ab27fa2,229,,,Fanout.gw.eth,ethernet.filtered.psfp_meter_red,count,integer,0,,0,116608000,,,,
2,1afa2889-c30b-426e-9efb-1ad39ab27fa2,230,,,Fanout.gw.eth,ethernet.filtered.psfp_meter_yellow,count,integer,0,,0,116608000,,,,
2,1afa2889-c30b-426e-9efb-1ad39ab27fa2,231,,,Fanout.gw.eth,ethernet.filtered.same_ingress,count,integer,0,,0,116608000,,,,
2,1afa2889-c30b-426e-9efb-1ad39ab27fa2,232,,,Fanout.gw.eth,ethernet.filtered.stp_discarding,count,integer,0,,0,116608000,,,,
2,1afa2889-c30b-426e-9efb-1ad39ab27fa2,233,,,Fanout.gw.eth,ethernet.filtered.unknown_multicast,count,integer,0,,0,116608000,,,,
2,1afa2889-c30b-426e-9efb-1ad39ab27fa2,234,,,Fanout.gw.eth,ethernet.filtered.visit_limit,count,integer,0,,0,116608000,,,,
2,1afa2889-c30b-426e-9efb-1ad39ab27fa2,235,,,Fanout.gw.eth,ethernet.filtered.vlan_unregistered,count,integer,0,,0,116608000,,,,
2,1afa2889-c30b-426e-9efb-1ad39ab27fa2,236,,,Fanout.gw.eth,ethernet.forwarded,count,integer,0,,0,116608000,,,,
2,1afa2889-c30b-426e-9efb-1ad39ab27fa2,237,,,Fanout.gw.eth,ethernet.generated,count,integer,0,,0,116608000,,,,
2,1afa2889-c30b-426e-9efb-1ad39ab27fa2,238,,,Fanout.gw.eth,ethernet.processing,count,integer,0,,0,116608000,,,,
2,1afa2889-c30b-426e-9efb-1ad39ab27fa2,239,,,Fanout.gw.eth,ethernet.received,count,integer,1,,0,116608000,,,,
2,1afa2889-c30b-426e-9efb-1ad39ab27fa2,240,,,Fanout.gw.eth.tx,ethernet.dropped,count,integer,0,,0,116608000,,,queue_full,
2,1afa2889-c30b-426e-9efb-1ad39ab27fa2,241,,,Fanout.gw.eth.tx,ethernet.link_utilization,1,number,0.0000000000000000e+0,,0,116608000,,,,
2,1afa2889-c30b-426e-9efb-1ad39ab27fa2,242,,,Fanout.gw.eth.tx,ethernet.mac_bits,bit,integer,0,,0,116608000,,,,
2,1afa2889-c30b-426e-9efb-1ad39ab27fa2,243,,,Fanout.gw.eth.tx,ethernet.occupied_bits,bit,integer,0,,0,116608000,,,,
2,1afa2889-c30b-426e-9efb-1ad39ab27fa2,244,,,Fanout.gw.eth.tx,ethernet.payload_bits,bit,integer,0,,0,116608000,,,,
2,1afa2889-c30b-426e-9efb-1ad39ab27fa2,245,,,Fanout.gw.eth.tx,ethernet.payload_throughput_bps,bit/s,number,0.0000000000000000e+0,,0,116608000,,,,
2,1afa2889-c30b-426e-9efb-1ad39ab27fa2,246,,,Fanout.gw.eth.tx,ethernet.queued,count,integer,0,,0,116608000,,,,
2,1afa2889-c30b-426e-9efb-1ad39ab27fa2,247,,,Fanout.gw.eth.tx,ethernet.serialized,count,integer,0,,0,116608000,,,,
2,1afa2889-c30b-426e-9efb-1ad39ab27fa2,248,,,Fanout.gw.eth.tx,ethernet.transfer_offered,count,integer,0,,0,116608000,,,,
2,1afa2889-c30b-426e-9efb-1ad39ab27fa2,249,,,Fanout.gw.eth.tx,ethernet.transmitting,count,integer,0,,0,116608000,,,,
2,1afa2889-c30b-426e-9efb-1ad39ab27fa2,250,,,Fanout.gw.eth.tx,ethernet.wire_bits,bit,integer,0,,0,116608000,,,,
2,1afa2889-c30b-426e-9efb-1ad39ab27fa2,251,,,Fanout.gw.eth.tx.queue,queue_max,count,integer,0,,0,116608000,,,,
2,1afa2889-c30b-426e-9efb-1ad39ab27fa2,252,,,Fanout.gw.eth.tx.queue,queue_mean,count,number,0.0000000000000000e+0,,0,116608000,,,,
2,1afa2889-c30b-426e-9efb-1ad39ab27fa2,253,,,Fanout.gw.eth.tx.queue.0,queue_bytes_max,B,integer,0,,0,116608000,,,,
2,1afa2889-c30b-426e-9efb-1ad39ab27fa2,254,,,Fanout.gw.eth.tx.queue.0,queue_bytes_mean,B,number,0.0000000000000000e+0,,0,116608000,,,,
2,1afa2889-c30b-426e-9efb-1ad39ab27fa2,255,,,Fanout.gw.eth.tx.queue.0,queue_max,count,integer,0,,0,116608000,,,,
2,1afa2889-c30b-426e-9efb-1ad39ab27fa2,256,,,Fanout.gw.eth.tx.queue.0,queue_mean,count,number,0.0000000000000000e+0,,0,116608000,,,,
2,1afa2889-c30b-426e-9efb-1ad39ab27fa2,257,,,Fanout.gw.eth.tx.queue.1,queue_bytes_max,B,integer,0,,0,116608000,,,,
2,1afa2889-c30b-426e-9efb-1ad39ab27fa2,258,,,Fanout.gw.eth.tx.queue.1,queue_bytes_mean,B,number,0.0000000000000000e+0,,0,116608000,,,,
2,1afa2889-c30b-426e-9efb-1ad39ab27fa2,259,,,Fanout.gw.eth.tx.queue.1,queue_max,count,integer,0,,0,116608000,,,,
2,1afa2889-c30b-426e-9efb-1ad39ab27fa2,260,,,Fanout.gw.eth.tx.queue.1,queue_mean,count,number,0.0000000000000000e+0,,0,116608000,,,,
2,1afa2889-c30b-426e-9efb-1ad39ab27fa2,261,,,Fanout.gw.eth.tx.queue.2,queue_bytes_max,B,integer,0,,0,116608000,,,,
2,1afa2889-c30b-426e-9efb-1ad39ab27fa2,262,,,Fanout.gw.eth.tx.queue.2,queue_bytes_mean,B,number,0.0000000000000000e+0,,0,116608000,,,,
2,1afa2889-c30b-426e-9efb-1ad39ab27fa2,263,,,Fanout.gw.eth.tx.queue.2,queue_max,count,integer,0,,0,116608000,,,,
2,1afa2889-c30b-426e-9efb-1ad39ab27fa2,264,,,Fanout.gw.eth.tx.queue.2,queue_mean,count,number,0.0000000000000000e+0,,0,116608000,,,,
2,1afa2889-c30b-426e-9efb-1ad39ab27fa2,265,,,Fanout.gw.eth.tx.queue.3,queue_bytes_max,B,integer,0,,0,116608000,,,,
2,1afa2889-c30b-426e-9efb-1ad39ab27fa2,266,,,Fanout.gw.eth.tx.queue.3,queue_bytes_mean,B,number,0.0000000000000000e+0,,0,116608000,,,,
2,1afa2889-c30b-426e-9efb-1ad39ab27fa2,267,,,Fanout.gw.eth.tx.queue.3,queue_max,count,integer,0,,0,116608000,,,,
2,1afa2889-c30b-426e-9efb-1ad39ab27fa2,268,,,Fanout.gw.eth.tx.queue.3,queue_mean,count,number,0.0000000000000000e+0,,0,116608000,,,,
2,1afa2889-c30b-426e-9efb-1ad39ab27fa2,269,,,Fanout.gw.eth.tx.queue.4,queue_bytes_max,B,integer,0,,0,116608000,,,,
2,1afa2889-c30b-426e-9efb-1ad39ab27fa2,270,,,Fanout.gw.eth.tx.queue.4,queue_bytes_mean,B,number,0.0000000000000000e+0,,0,116608000,,,,
2,1afa2889-c30b-426e-9efb-1ad39ab27fa2,271,,,Fanout.gw.eth.tx.queue.4,queue_max,count,integer,0,,0,116608000,,,,
2,1afa2889-c30b-426e-9efb-1ad39ab27fa2,272,,,Fanout.gw.eth.tx.queue.4,queue_mean,count,number,0.0000000000000000e+0,,0,116608000,,,,
2,1afa2889-c30b-426e-9efb-1ad39ab27fa2,273,,,Fanout.gw.eth.tx.queue.5,queue_bytes_max,B,integer,0,,0,116608000,,,,
2,1afa2889-c30b-426e-9efb-1ad39ab27fa2,274,,,Fanout.gw.eth.tx.queue.5,queue_bytes_mean,B,number,0.0000000000000000e+0,,0,116608000,,,,
2,1afa2889-c30b-426e-9efb-1ad39ab27fa2,275,,,Fanout.gw.eth.tx.queue.5,queue_max,count,integer,0,,0,116608000,,,,
2,1afa2889-c30b-426e-9efb-1ad39ab27fa2,276,,,Fanout.gw.eth.tx.queue.5,queue_mean,count,number,0.0000000000000000e+0,,0,116608000,,,,
2,1afa2889-c30b-426e-9efb-1ad39ab27fa2,277,,,Fanout.gw.eth.tx.queue.6,queue_bytes_max,B,integer,0,,0,116608000,,,,
2,1afa2889-c30b-426e-9efb-1ad39ab27fa2,278,,,Fanout.gw.eth.tx.queue.6,queue_bytes_mean,B,number,0.0000000000000000e+0,,0,116608000,,,,
2,1afa2889-c30b-426e-9efb-1ad39ab27fa2,279,,,Fanout.gw.eth.tx.queue.6,queue_max,count,integer,0,,0,116608000,,,,
2,1afa2889-c30b-426e-9efb-1ad39ab27fa2,280,,,Fanout.gw.eth.tx.queue.6,queue_mean,count,number,0.0000000000000000e+0,,0,116608000,,,,
2,1afa2889-c30b-426e-9efb-1ad39ab27fa2,281,,,Fanout.gw.eth.tx.queue.7,queue_bytes_max,B,integer,0,,0,116608000,,,,
2,1afa2889-c30b-426e-9efb-1ad39ab27fa2,282,,,Fanout.gw.eth.tx.queue.7,queue_bytes_mean,B,number,0.0000000000000000e+0,,0,116608000,,,,
2,1afa2889-c30b-426e-9efb-1ad39ab27fa2,283,,,Fanout.gw.eth.tx.queue.7,queue_max,count,integer,0,,0,116608000,,,,
2,1afa2889-c30b-426e-9efb-1ad39ab27fa2,284,,,Fanout.gw.eth.tx.queue.7,queue_mean,count,number,0.0000000000000000e+0,,0,116608000,,,,
2,1afa2889-c30b-426e-9efb-1ad39ab27fa2,285,,,Fanout.sink,ethernet.delivery_mean_ps,ps,number,,,0,116608000,,,,0
2,1afa2889-c30b-426e-9efb-1ad39ab27fa2,286,,,Fanout.sink,ethernet.filtered,count,integer,0,,0,116608000,,,,
2,1afa2889-c30b-426e-9efb-1ad39ab27fa2,287,,,Fanout.sink,ethernet.filtered.destination_mismatch,count,integer,0,,0,116608000,,,,
2,1afa2889-c30b-426e-9efb-1ad39ab27fa2,288,,,Fanout.sink,ethernet.filtered.ingress_frame_type,count,integer,0,,0,116608000,,,,
2,1afa2889-c30b-426e-9efb-1ad39ab27fa2,289,,,Fanout.sink,ethernet.filtered.ingress_vlan_membership,count,integer,0,,0,116608000,,,,
2,1afa2889-c30b-426e-9efb-1ad39ab27fa2,290,,,Fanout.sink,ethernet.filtered.known_egress_ineligible,count,integer,0,,0,116608000,,,,
2,1afa2889-c30b-426e-9efb-1ad39ab27fa2,291,,,Fanout.sink,ethernet.filtered.link_down,count,integer,0,,0,116608000,,,,
2,1afa2889-c30b-426e-9efb-1ad39ab27fa2,292,,,Fanout.sink,ethernet.filtered.multicast_filtered,count,integer,0,,0,116608000,,,,
2,1afa2889-c30b-426e-9efb-1ad39ab27fa2,293,,,Fanout.sink,ethernet.filtered.multicast_no_egress,count,integer,0,,0,116608000,,,,
2,1afa2889-c30b-426e-9efb-1ad39ab27fa2,294,,,Fanout.sink,ethernet.filtered.multicast_not_subscribed,count,integer,0,,0,116608000,,,,
2,1afa2889-c30b-426e-9efb-1ad39ab27fa2,295,,,Fanout.sink,ethernet.filtered.no_vlan_egress,count,integer,0,,0,116608000,,,,
2,1afa2889-c30b-426e-9efb-1ad39ab27fa2,296,,,Fanout.sink,ethernet.filtered.psfp_gate_closed,count,integer,0,,0,116608000,,,,
2,1afa2889-c30b-426e-9efb-1ad39ab27fa2,297,,,Fanout.sink,ethernet.filtered.psfp_max_sdu,count,integer,0,,0,116608000,,,,
2,1afa2889-c30b-426e-9efb-1ad39ab27fa2,298,,,Fanout.sink,ethernet.filtered.psfp_meter_red,count,integer,0,,0,116608000,,,,
2,1afa2889-c30b-426e-9efb-1ad39ab27fa2,299,,,Fanout.sink,ethernet.filtered.psfp_meter_yellow,count,integer,0,,0,116608000,,,,
2,1afa2889-c30b-426e-9efb-1ad39ab27fa2,300,,,Fanout.sink,ethernet.filtered.same_ingress,count,integer,0,,0,116608000,,,,
2,1afa2889-c30b-426e-9efb-1ad39ab27fa2,301,,,Fanout.sink,ethernet.filtered.stp_discarding,count,integer,0,,0,116608000,,,,
2,1afa2889-c30b-426e-9efb-1ad39ab27fa2,302,,,Fanout.sink,ethernet.filtered.unknown_multicast,count,integer,0,,0,116608000,,,,
2,1afa2889-c30b-426e-9efb-1ad39ab27fa2,303,,,Fanout.sink,ethernet.filtered.visit_limit,count,integer,0,,0,116608000,,,,
2,1afa2889-c30b-426e-9efb-1ad39ab27fa2,304,,,Fanout.sink,ethernet.filtered.vlan_unregistered,count,integer,0,,0,116608000,,,,
2,1afa2889-c30b-426e-9efb-1ad39ab27fa2,305,,,Fanout.sink,ethernet.forwarded,count,integer,0,,0,116608000,,,,
2,1afa2889-c30b-426e-9efb-1ad39ab27fa2,306,,,Fanout.sink,ethernet.generated,count,integer,1,,0,116608000,,,,
2,1afa2889-c30b-426e-9efb-1ad39ab27fa2,307,,,Fanout.sink,ethernet.processing,count,integer,0,,0,116608000,,,,
2,1afa2889-c30b-426e-9efb-1ad39ab27fa2,308,,,Fanout.sink,ethernet.received,count,integer,0,,0,116608000,,,,
2,1afa2889-c30b-426e-9efb-1ad39ab27fa2,309,,,Fanout.sink.tx,ethernet.dropped,count,integer,0,,0,116608000,,,queue_full,
2,1afa2889-c30b-426e-9efb-1ad39ab27fa2,310,,,Fanout.sink.tx,ethernet.link_utilization,1,number,6.0373216245883645e-3,,0,116608000,,,,
2,1afa2889-c30b-426e-9efb-1ad39ab27fa2,311,,,Fanout.sink.tx,ethernet.mac_bits,bit,integer,544,,0,116608000,,,,
2,1afa2889-c30b-426e-9efb-1ad39ab27fa2,312,,,Fanout.sink.tx,ethernet.occupied_bits,bit,integer,704,,0,116608000,,,,
2,1afa2889-c30b-426e-9efb-1ad39ab27fa2,313,,,Fanout.sink.tx,ethernet.payload_bits,bit,integer,88,,0,116608000,,,,
2,1afa2889-c30b-426e-9efb-1ad39ab27fa2,314,,,Fanout.sink.tx,ethernet.payload_throughput_bps,bit/s,number,7.5466520307354559e+5,,0,116608000,,,,
2,1afa2889-c30b-426e-9efb-1ad39ab27fa2,315,,,Fanout.sink.tx,ethernet.queued,count,integer,0,,0,116608000,,,,
2,1afa2889-c30b-426e-9efb-1ad39ab27fa2,316,,,Fanout.sink.tx,ethernet.serialized,count,integer,1,,0,116608000,,,,
2,1afa2889-c30b-426e-9efb-1ad39ab27fa2,317,,,Fanout.sink.tx,ethernet.transfer_offered,count,integer,1,,0,116608000,,,,
2,1afa2889-c30b-426e-9efb-1ad39ab27fa2,318,,,Fanout.sink.tx,ethernet.transmitting,count,integer,0,,0,116608000,,,,
2,1afa2889-c30b-426e-9efb-1ad39ab27fa2,319,,,Fanout.sink.tx,ethernet.wire_bits,bit,integer,608,,0,116608000,,,,
2,1afa2889-c30b-426e-9efb-1ad39ab27fa2,320,,,Fanout.sink.tx.queue,queue_max,count,integer,1,,0,116608000,,,,
2,1afa2889-c30b-426e-9efb-1ad39ab27fa2,321,,,Fanout.sink.tx.queue,queue_mean,count,number,0.0000000000000000e+0,,0,116608000,,,,
2,1afa2889-c30b-426e-9efb-1ad39ab27fa2,322,,,Fanout.sink.tx.queue.0,queue_bytes_max,B,integer,0,,0,116608000,,,,
2,1afa2889-c30b-426e-9efb-1ad39ab27fa2,323,,,Fanout.sink.tx.queue.0,queue_bytes_mean,B,number,0.0000000000000000e+0,,0,116608000,,,,
2,1afa2889-c30b-426e-9efb-1ad39ab27fa2,324,,,Fanout.sink.tx.queue.0,queue_max,count,integer,0,,0,116608000,,,,
2,1afa2889-c30b-426e-9efb-1ad39ab27fa2,325,,,Fanout.sink.tx.queue.0,queue_mean,count,number,0.0000000000000000e+0,,0,116608000,,,,
2,1afa2889-c30b-426e-9efb-1ad39ab27fa2,326,,,Fanout.sink.tx.queue.1,queue_bytes_max,B,integer,0,,0,116608000,,,,
2,1afa2889-c30b-426e-9efb-1ad39ab27fa2,327,,,Fanout.sink.tx.queue.1,queue_bytes_mean,B,number,0.0000000000000000e+0,,0,116608000,,,,
2,1afa2889-c30b-426e-9efb-1ad39ab27fa2,328,,,Fanout.sink.tx.queue.1,queue_max,count,integer,0,,0,116608000,,,,
2,1afa2889-c30b-426e-9efb-1ad39ab27fa2,329,,,Fanout.sink.tx.queue.1,queue_mean,count,number,0.0000000000000000e+0,,0,116608000,,,,
2,1afa2889-c30b-426e-9efb-1ad39ab27fa2,330,,,Fanout.sink.tx.queue.2,queue_bytes_max,B,integer,0,,0,116608000,,,,
2,1afa2889-c30b-426e-9efb-1ad39ab27fa2,331,,,Fanout.sink.tx.queue.2,queue_bytes_mean,B,number,0.0000000000000000e+0,,0,116608000,,,,
2,1afa2889-c30b-426e-9efb-1ad39ab27fa2,332,,,Fanout.sink.tx.queue.2,queue_max,count,integer,0,,0,116608000,,,,
2,1afa2889-c30b-426e-9efb-1ad39ab27fa2,333,,,Fanout.sink.tx.queue.2,queue_mean,count,number,0.0000000000000000e+0,,0,116608000,,,,
2,1afa2889-c30b-426e-9efb-1ad39ab27fa2,334,,,Fanout.sink.tx.queue.3,queue_bytes_max,B,integer,68,,0,116608000,,,,
2,1afa2889-c30b-426e-9efb-1ad39ab27fa2,335,,,Fanout.sink.tx.queue.3,queue_bytes_mean,B,number,0.0000000000000000e+0,,0,116608000,,,,
2,1afa2889-c30b-426e-9efb-1ad39ab27fa2,336,,,Fanout.sink.tx.queue.3,queue_max,count,integer,1,,0,116608000,,,,
2,1afa2889-c30b-426e-9efb-1ad39ab27fa2,337,,,Fanout.sink.tx.queue.3,queue_mean,count,number,0.0000000000000000e+0,,0,116608000,,,,
2,1afa2889-c30b-426e-9efb-1ad39ab27fa2,338,,,Fanout.sink.tx.queue.4,queue_bytes_max,B,integer,0,,0,116608000,,,,
2,1afa2889-c30b-426e-9efb-1ad39ab27fa2,339,,,Fanout.sink.tx.queue.4,queue_bytes_mean,B,number,0.0000000000000000e+0,,0,116608000,,,,
2,1afa2889-c30b-426e-9efb-1ad39ab27fa2,340,,,Fanout.sink.tx.queue.4,queue_max,count,integer,0,,0,116608000,,,,
2,1afa2889-c30b-426e-9efb-1ad39ab27fa2,341,,,Fanout.sink.tx.queue.4,queue_mean,count,number,0.0000000000000000e+0,,0,116608000,,,,
2,1afa2889-c30b-426e-9efb-1ad39ab27fa2,342,,,Fanout.sink.tx.queue.5,queue_bytes_max,B,integer,0,,0,116608000,,,,
2,1afa2889-c30b-426e-9efb-1ad39ab27fa2,343,,,Fanout.sink.tx.queue.5,queue_bytes_mean,B,number,0.0000000000000000e+0,,0,116608000,,,,
2,1afa2889-c30b-426e-9efb-1ad39ab27fa2,344,,,Fanout.sink.tx.queue.5,queue_max,count,integer,0,,0,116608000,,,,
2,1afa2889-c30b-426e-9efb-1ad39ab27fa2,345,,,Fanout.sink.tx.queue.5,queue_mean,count,number,0.0000000000000000e+0,,0,116608000,,,,
2,1afa2889-c30b-426e-9efb-1ad39ab27fa2,346,,,Fanout.sink.tx.queue.6,queue_bytes_max,B,integer,0,,0,116608000,,,,
2,1afa2889-c30b-426e-9efb-1ad39ab27fa2,347,,,Fanout.sink.tx.queue.6,queue_bytes_mean,B,number,0.0000000000000000e+0,,0,116608000,,,,
2,1afa2889-c30b-426e-9efb-1ad39ab27fa2,348,,,Fanout.sink.tx.queue.6,queue_max,count,integer,0,,0,116608000,,,,
2,1afa2889-c30b-426e-9efb-1ad39ab27fa2,349,,,Fanout.sink.tx.queue.6,queue_mean,count,number,0.0000000000000000e+0,,0,116608000,,,,
2,1afa2889-c30b-426e-9efb-1ad39ab27fa2,350,,,Fanout.sink.tx.queue.7,queue_bytes_max,B,integer,0,,0,116608000,,,,
2,1afa2889-c30b-426e-9efb-1ad39ab27fa2,351,,,Fanout.sink.tx.queue.7,queue_bytes_mean,B,number,0.0000000000000000e+0,,0,116608000,,,,
2,1afa2889-c30b-426e-9efb-1ad39ab27fa2,352,,,Fanout.sink.tx.queue.7,queue_max,count,integer,0,,0,116608000,,,,
2,1afa2889-c30b-426e-9efb-1ad39ab27fa2,353,,,Fanout.sink.tx.queue.7,queue_mean,count,number,0.0000000000000000e+0,,0,116608000,,,,
2,1afa2889-c30b-426e-9efb-1ad39ab27fa2,354,,,Fanout.src_a,admitted,count,integer,0,,0,116608000,,,,
2,1afa2889-c30b-426e-9efb-1ad39ab27fa2,355,,,Fanout.src_a,arbitration_wait_mean_ps,ps,number,,,0,116608000,,,,0
2,1afa2889-c30b-426e-9efb-1ad39ab27fa2,356,,,Fanout.src_a,attempts,count,integer,0,,0,116608000,,,,
2,1afa2889-c30b-426e-9efb-1ad39ab27fa2,357,,,Fanout.src_a,delivery_mean_ps,ps,number,,,0,116608000,,Fanout.src_a,,0
2,1afa2889-c30b-426e-9efb-1ad39ab27fa2,358,,,Fanout.src_a,dropped,count,integer,0,,0,116608000,,,queue_full,
2,1afa2889-c30b-426e-9efb-1ad39ab27fa2,359,,,Fanout.src_a,failed,count,integer,0,,0,116608000,,,,
2,1afa2889-c30b-426e-9efb-1ad39ab27fa2,360,,,Fanout.src_a,filtered,count,integer,0,,0,116608000,,Fanout.src_a,,
2,1afa2889-c30b-426e-9efb-1ad39ab27fa2,361,,,Fanout.src_a,gateway.end_to_end.latency_ps,ps,integer,115608000,,0,116608000,ethernet:eth_source:0,Fanout.src_a,82:76:21:ethernet:eth_source:09:Fanout.gw30:eth_source:0@Fanout.sink.tx@rx6:to_can1:05:child,1
2,1afa2889-c30b-426e-9efb-1ad39ab27fa2,362,,,Fanout.src_a,generated,count,integer,0,,0,116608000,,,,
2,1afa2889-c30b-426e-9efb-1ad39ab27fa2,363,,,Fanout.src_a,in_flight,count,integer,0,,0,116608000,,,,
2,1afa2889-c30b-426e-9efb-1ad39ab27fa2,364,,,Fanout.src_a,pending,count,integer,0,,0,116608000,,,,
2,1afa2889-c30b-426e-9efb-1ad39ab27fa2,365,,,Fanout.src_a,processing,count,integer,0,,0,116608000,,,,
2,1afa2889-c30b-426e-9efb-1ad39ab27fa2,366,,,Fanout.src_a,received,count,integer,1,,0,116608000,,Fanout.src_a,,
2,1afa2889-c30b-426e-9efb-1ad39ab27fa2,367,,,Fanout.src_a,received_payload_bits,bit,integer,0,,0,116608000,,Fanout.src_a,,
2,1afa2889-c30b-426e-9efb-1ad39ab27fa2,368,,,Fanout.src_a,received_throughput_bps,bit/s,number,0.0000000000000000e+0,,0,116608000,,Fanout.src_a,,
2,1afa2889-c30b-426e-9efb-1ad39ab27fa2,369,,,Fanout.src_a,receiver_opportunities,count,integer,1,,0,116608000,,Fanout.src_a,,
2,1afa2889-c30b-426e-9efb-1ad39ab27fa2,370,,,Fanout.src_a,retries,count,integer,0,,0,116608000,,,,
2,1afa2889-c30b-426e-9efb-1ad39ab27fa2,371,,,Fanout.src_a,rx_pending,count,integer,0,,0,116608000,,Fanout.src_a,,
2,1afa2889-c30b-426e-9efb-1ad39ab27fa2,372,,,Fanout.src_a,success,count,integer,0,,0,116608000,,,,
2,1afa2889-c30b-426e-9efb-1ad39ab27fa2,373,,,Fanout.src_a,tx_wait_mean_ps,ps,number,,,0,116608000,,,,0
2,1afa2889-c30b-426e-9efb-1ad39ab27fa2,374,,,Fanout.src_a,unfinished,count,integer,0,,0,116608000,,,,
2,1afa2889-c30b-426e-9efb-1ad39ab27fa2,375,,,Fanout.src_a,waiting_tx,count,integer,0,,0,116608000,,,,
2,1afa2889-c30b-426e-9efb-1ad39ab27fa2,376,,,Fanout.src_a.txQueue,buffer_utilization_mean,1,number,0.0000000000000000e+0,,0,116608000,,,,
2,1afa2889-c30b-426e-9efb-1ad39ab27fa2,377,,,Fanout.src_a.txQueue,dropped,count,integer,0,,0,116608000,,,queue_full,
2,1afa2889-c30b-426e-9efb-1ad39ab27fa2,378,,,Fanout.src_a.txQueue,queue_max,count,integer,0,,0,116608000,,,,
2,1afa2889-c30b-426e-9efb-1ad39ab27fa2,379,,,Fanout.src_a.txQueue,queue_mean,count,number,0.0000000000000000e+0,,0,116608000,,,,
2,1afa2889-c30b-426e-9efb-1ad39ab27fa2,380,,,Fanout.src_b,admitted,count,integer,0,,0,116608000,,,,
2,1afa2889-c30b-426e-9efb-1ad39ab27fa2,381,,,Fanout.src_b,arbitration_wait_mean_ps,ps,number,,,0,116608000,,,,0
2,1afa2889-c30b-426e-9efb-1ad39ab27fa2,382,,,Fanout.src_b,attempts,count,integer,0,,0,116608000,,,,
2,1afa2889-c30b-426e-9efb-1ad39ab27fa2,383,,,Fanout.src_b,delivery_mean_ps,ps,number,,,0,116608000,,Fanout.src_b,,0
2,1afa2889-c30b-426e-9efb-1ad39ab27fa2,384,,,Fanout.src_b,dropped,count,integer,0,,0,116608000,,,queue_full,
2,1afa2889-c30b-426e-9efb-1ad39ab27fa2,385,,,Fanout.src_b,failed,count,integer,0,,0,116608000,,,,
2,1afa2889-c30b-426e-9efb-1ad39ab27fa2,386,,,Fanout.src_b,filtered,count,integer,0,,0,116608000,,Fanout.src_b,,
2,1afa2889-c30b-426e-9efb-1ad39ab27fa2,387,,,Fanout.src_b,generated,count,integer,0,,0,116608000,,,,
2,1afa2889-c30b-426e-9efb-1ad39ab27fa2,388,,,Fanout.src_b,in_flight,count,integer,0,,0,116608000,,,,
2,1afa2889-c30b-426e-9efb-1ad39ab27fa2,389,,,Fanout.src_b,pending,count,integer,0,,0,116608000,,,,
2,1afa2889-c30b-426e-9efb-1ad39ab27fa2,390,,,Fanout.src_b,processing,count,integer,0,,0,116608000,,,,
2,1afa2889-c30b-426e-9efb-1ad39ab27fa2,391,,,Fanout.src_b,received,count,integer,0,,0,116608000,,Fanout.src_b,,
2,1afa2889-c30b-426e-9efb-1ad39ab27fa2,392,,,Fanout.src_b,received_payload_bits,bit,integer,0,,0,116608000,,Fanout.src_b,,
2,1afa2889-c30b-426e-9efb-1ad39ab27fa2,393,,,Fanout.src_b,received_throughput_bps,bit/s,number,0.0000000000000000e+0,,0,116608000,,Fanout.src_b,,
2,1afa2889-c30b-426e-9efb-1ad39ab27fa2,394,,,Fanout.src_b,receiver_opportunities,count,integer,0,,0,116608000,,Fanout.src_b,,
2,1afa2889-c30b-426e-9efb-1ad39ab27fa2,395,,,Fanout.src_b,retries,count,integer,0,,0,116608000,,,,
2,1afa2889-c30b-426e-9efb-1ad39ab27fa2,396,,,Fanout.src_b,rx_pending,count,integer,0,,0,116608000,,Fanout.src_b,,
2,1afa2889-c30b-426e-9efb-1ad39ab27fa2,397,,,Fanout.src_b,success,count,integer,0,,0,116608000,,,,
2,1afa2889-c30b-426e-9efb-1ad39ab27fa2,398,,,Fanout.src_b,tx_wait_mean_ps,ps,number,,,0,116608000,,,,0
2,1afa2889-c30b-426e-9efb-1ad39ab27fa2,399,,,Fanout.src_b,unfinished,count,integer,0,,0,116608000,,,,
2,1afa2889-c30b-426e-9efb-1ad39ab27fa2,400,,,Fanout.src_b,waiting_tx,count,integer,0,,0,116608000,,,,
2,1afa2889-c30b-426e-9efb-1ad39ab27fa2,401,,,Fanout.src_b.txQueue,buffer_utilization_mean,1,number,0.0000000000000000e+0,,0,116608000,,,,
2,1afa2889-c30b-426e-9efb-1ad39ab27fa2,402,,,Fanout.src_b.txQueue,dropped,count,integer,0,,0,116608000,,,queue_full,
2,1afa2889-c30b-426e-9efb-1ad39ab27fa2,403,,,Fanout.src_b.txQueue,queue_max,count,integer,0,,0,116608000,,,,
2,1afa2889-c30b-426e-9efb-1ad39ab27fa2,404,,,Fanout.src_b.txQueue,queue_mean,count,number,0.0000000000000000e+0,,0,116608000,,,,
